{"cameraMode":{"drawMode":0,"name":"Shaded","section":"Shading Mode"},"sceneLighting":false,"audioPlay":false,"sceneViewState":{"m_AlwaysRefresh":false,"showFog":true,"showSkybox":false,"showFlares":true,"showImageEffects":true,"showParticleSystems":true,"showVisualEffectGraphs":true,"m_FxEnabled":true},"in2DMode":false,"pivot":{"x":148.44029235839845,"y":0.6094694137573242,"z":-1354.0826416015625},"rotation":{"x":0.19498512148857118,"y":0.049997951835393909,"z":-0.009953602217137814,"w":0.979489803314209},"size":15.308096885681153,"orthographic":false}